Timestamp,WhatsappID,PlayerName,Location,SubLocation,ActionType,Content,StatsSnapshot
"2026-08-16T13:50:59.048Z","test@s.whatsapp.net","Eoza","Eldoria","Place","TEST","Test memory action","{""hp"":100}"
"2026-08-17T15:42:55.820Z","test@s.whatsapp.net","Eoza","Empire Impérial d'Elion","Eldoria","MJ_NARRATIVE","[🤖 MJ FALLBACK]

""ton action"" est accompli. Tu sens le poids de tes décisions peser sur l'air ambiant, même si le monde reste étrangement silencieux.

_Note: Les flux magiques (IA) sont actuellement instables. Ton action a été traitée en mode dégradé._","{""health"":100,""maxHealth"":100,""mana"":100,""col"":100}"
"2026-08-17T15:47:29.414Z","test@s.whatsapp.net","Eoza","Empire Impérial d'Elion","Eldoria","MJ_NARRATIVE","[🤖 MJ FALLBACK]

Le destin semble incertain alors que tu tentes ""ton action"". L'énergie ambiante crépite mais ne se stabilise pas. Tu agis avec prudence.

_Note: Les flux magiques (IA) sont actuellement instables. Ton action a été traitée en mode dégradé._","{""health"":100,""maxHealth"":100,""mana"":100,""col"":100}"
